Player Name,Nationality,DOB,Position,Senior Clubs Played For,transfermarkt_id,wikidata_qid
Diego Maradona,Argentina,"Oct 30, 1960",FWD,"Boca Juniors, Barcelona, Napoli, Sevilla",8024,Q17515
Pelé,Brazil,"Oct 23, 1940",FWD,Santos,17121,Q12897
Johan Cruyff,Netherlands,"Apr 25, 1947",FWD,"Ajax, Barcelona, Feyenoord",8021,Q17163
Zinedine Zidane,France,"Jun 23, 1972",MID,"Juventus, Real Madrid",3111,Q1835
Ronaldo Nazário,Brazil,"Sep 18, 1976",FWD,"PSV Eindhoven, Barcelona, Inter Milan, Real Madrid, AC Milan, Corinthians",3140,Q529207
Ronaldinho,Brazil,"Mar 21, 1980",FWD,"Paris Saint-Germain, Barcelona, AC Milan, Flamengo, Fluminense",3373,Q39444
Thierry Henry,France,"Aug 17, 1977",FWD,"Monaco, Juventus, Arsenal, Barcelona",3207,Q45901
Luís Figo,Portugal,"Nov 4, 1972",MID,"Sporting CP, Barcelona, Real Madrid, Inter Milan",3446,Q483145
Michel Platini,France,"Jun 21, 1955",MID,Juventus,88994,Q4261
Marco van Basten,Netherlands,"Oct 31, 1964",FWD,"Ajax, AC Milan",74471,Q483629
Ruud Gullit,Netherlands,"Sep 1, 1962",MID,"Feyenoord, PSV Eindhoven, AC Milan, Chelsea",101045,Q173972
Frank Rijkaard,Netherlands,"Sep 30, 1962",MID,"Ajax, Sporting CP, Real Zaragoza, AC Milan",70667,Q169098
Lothar Matthäus,Germany,"Mar 21, 1961",MID,"Bayern Munich, Inter Milan",1527,Q36386
Paolo Maldini,Italy,"Jun 26, 1968",DEF,AC Milan,5803,Q483027
Franco Baresi,Italy,"May 8, 1960",DEF,AC Milan,42049,Q189984
Alessandro Costacurta,Italy,"Apr 24, 1966",DEF,AC Milan,10055,Q213828
Mauro Tassotti,Italy,"Jan 19, 1960",DEF,"Lazio, AC Milan",102483,Q312999
Roberto Baggio,Italy,"Feb 18, 1967",FWD,"Fiorentina, Juventus, AC Milan, Bologna, Inter Milan",4153,Q67964
Romário,Brazil,"Jan 29, 1966",FWD,"PSV Eindhoven, Barcelona, Flamengo, Valencia, Fluminense",7942,Q178649
Rivaldo,Brazil,"Apr 19, 1972",FWD,"Corinthians, Palmeiras, Deportivo La Coruña, Barcelona, AC Milan, Olympiacos",3372,Q483577
Cafu,Brazil,"Jun 7, 1970",DEF,"Real Zaragoza, Palmeiras, Roma, AC Milan",5937,Q178683
Roberto Carlos,Brazil,"Apr 10, 1973",DEF,"Palmeiras, Inter Milan, Real Madrid, Fenerbahçe, Corinthians",7518,Q429039
Gabriel Batistuta,Argentina,"Feb 1, 1969",FWD,"River Plate, Boca Juniors, Fiorentina, Roma, Inter Milan",5959,Q170376
Javier Zanetti,Argentina,"Aug 10, 1973",DEF,Inter Milan,1161,Q52876
Alessandro Del Piero,Italy,"Nov 9, 1974",FWD,Juventus,4289,Q624
Francesco Totti,Italy,"Sep 27, 1976",FWD,Roma,5958,Q20110
Filippo Inzaghi,Italy,"Aug 9, 1973",FWD,"Parma, Atalanta, Juventus, AC Milan",5821,Q126503
Christian Vieri,Italy,"Jul 12, 1973",FWD,"Torino, Atalanta, Juventus, Atlético Madrid, Lazio, Inter Milan, AC Milan, Monaco, Fiorentina",5797,Q188696
Hernán Crespo,Argentina,"Jul 5, 1975",FWD,"River Plate, Parma, Lazio, Inter Milan, Chelsea, AC Milan, Genoa",3410,Q160206
Juan Román Riquelme,Argentina,"Jun 24, 1978",MID,"Boca Juniors, Barcelona, Villarreal",3854,Q192965
Clarence Seedorf,Netherlands,"Apr 1, 1976",MID,"Ajax, Real Madrid, Inter Milan, AC Milan, Botafogo",4168,Q484909
Edgar Davids,Netherlands,"Mar 13, 1973",MID,"Ajax, AC Milan, Juventus, Barcelona, Inter Milan, Tottenham Hotspur, Crystal Palace",5758,Q185115
Patrick Kluivert,Netherlands,"Jul 1, 1976",FWD,"Ajax, AC Milan, Barcelona, Newcastle United, Valencia, PSV Eindhoven, Lille",4385,Q189686
Edwin van der Sar,Netherlands,"Oct 29, 1970",GK,"Ajax, Juventus, Fulham, Manchester United",3516,Q482955
Ruud van Nistelrooy,Netherlands,"Jul 1, 1976",FWD,"PSV Eindhoven, Manchester United, Real Madrid, Hamburger SV",3407,Q45626
Dennis Bergkamp,Netherlands,"May 10, 1969",FWD,"Ajax, Inter Milan, Arsenal",3187,Q185389
Marc Overmars,Netherlands,"Mar 29, 1973",FWD,"Ajax, Arsenal, Barcelona",3513,Q219248
Oliver Kahn,Germany,"Jun 15, 1969",GK,Bayern Munich,206,Q131261
Michael Ballack,Germany,"Sep 26, 1976",MID,"Bayer Leverkusen, Bayern Munich, Chelsea",63,Q11948
Miroslav Klose,Germany,"Jun 9, 1978",FWD,"Bayern Munich, Lazio",10,Q80471
Oliver Bierhoff,Germany,"May 1, 1968",FWD,"Hamburger SV, Udinese, AC Milan, Monaco",56,Q152844
Jürgen Klinsmann,Germany,"Jul 30, 1964",FWD,"VfB Stuttgart, Inter Milan, Monaco, Tottenham Hotspur, Bayern Munich",16980,Q57079
Rudi Völler,Germany,"Apr 13, 1960",FWD,"Roma, Marseille, Bayer Leverkusen",13775,Q44464
Matthias Sammer,Germany,"Sep 5, 1967",DEF,"VfB Stuttgart, Inter Milan, Borussia Dortmund",77010,Q57183
Karl-Heinz Rummenigge,Germany,"Sep 25, 1955",FWD,"Bayern Munich, Inter Milan",72343,Q152871
Ryan Giggs,Wales,"Nov 29, 1973",MID,Manchester United,3406,Q10524
Paul Scholes,England,"Nov 16, 1974",MID,Manchester United,3397,Q45613
Roy Keane,Ireland,"Aug 10, 1971",MID,"Nottingham Forest, Manchester United, Celtic",3396,Q188632
Peter Schmeichel,Denmark,"Nov 18, 1963",GK,"Manchester United, Sporting CP, Aston Villa, Manchester City",3465,Q182314
Gary Neville,England,"Feb 18, 1975",DEF,Manchester United,3403,Q348857
Rio Ferdinand,England,"Nov 7, 1978",DEF,"West Ham United, Leeds United, Manchester United",3235,Q483417
Eric Cantona,France,"May 24, 1966",FWD,"Marseille, Leeds United, Manchester United",12000,Q170328
Alan Shearer,England,"Aug 13, 1970",FWD,"Southampton, Newcastle United",3110,Q483583
Michael Owen,England,"Dec 14, 1979",FWD,"Liverpool, Real Madrid, Newcastle United, Manchester United, Stoke City",1397,Q128829
Robbie Fowler,England,"Apr 9, 1975",FWD,"Liverpool, Leeds United, Manchester City",3225,Q206548
Steven Gerrard,England,"May 30, 1980",MID,Liverpool,3109,Q459830
Jamie Carragher,England,"Jan 28, 1978",DEF,Liverpool,3597,Q172211
Patrick Vieira,France,"Jun 23, 1976",MID,"AC Milan, Arsenal, Juventus, Inter Milan, Manchester City",3183,Q46347
Robert Pires,France,"Oct 29, 1973",MID,"Marseille, Arsenal, Villarreal, Aston Villa",3185,Q113156
Emmanuel Petit,France,"Sep 22, 1970",MID,"Monaco, Arsenal, Barcelona, Chelsea",3166,Q269883
Lilian Thuram,France,"Jan 1, 1972",DEF,"Monaco, Parma, Juventus, Barcelona",3521,Q180326
Marcel Desailly,France,"Sep 7, 1968",DEF,"Nantes, Marseille, AC Milan, Chelsea",3154,Q193625
Laurent Blanc,France,"Nov 19, 1965",DEF,"Napoli, Barcelona, Marseille, Inter Milan, Manchester United",3113,Q1839
Didier Deschamps,France,"Oct 15, 1968",MID,"Nantes, Marseille, Juventus, Chelsea, Valencia",75553,Q508711
David Trezeguet,France,"Oct 15, 1977",FWD,"Monaco, Juventus, River Plate",4146,Q183967
Nicolas Anelka,France,"Mar 14, 1979",FWD,"Paris Saint-Germain, Arsenal, Real Madrid, Liverpool, Manchester City, Fenerbahçe, Chelsea, Juventus, West Ham United",3226,Q1939
Youri Djorkaeff,France,"Mar 9, 1968",MID,"Monaco, Paris Saint-Germain, Inter Milan",4,Q217482
Michael Laudrup,Denmark,"Jun 15, 1964",MID,"Juventus, Lazio, Barcelona, Real Madrid, Ajax",8023,Q188720
Brian Laudrup,Denmark,"Feb 22, 1969",FWD,"Bayern Munich, Fiorentina, Rangers, Chelsea, Copenhagen, Ajax",39667,Q212854
Hristo Stoichkov,Bulgaria,"Feb 8, 1966",FWD,"Barcelona, Parma, Al-Nassr",7938,Q187125
Gheorghe Hagi,Romania,"Feb 5, 1965",MID,"Real Madrid, Barcelona, Galatasaray",7939,Q189892
Davor Šuker,Croatia,"Jan 1, 1968",FWD,"Dinamo Zagreb, Sevilla, Real Madrid, Arsenal, West Ham United",1407,Q189217
Zvonimir Boban,Croatia,"Oct 8, 1968",MID,"Dinamo Zagreb, AC Milan, Celta Vigo",89545,Q231468
Andriy Shevchenko,Ukraine,"Sep 29, 1976",FWD,"AC Milan, Chelsea",3522,Q41244
Pavel Nedvěd,Czech Republic,"Aug 30, 1972",MID,"Sparta Prague, Lazio, Juventus",3603,Q171295
Predrag Mijatović,Montenegro,"Jan 19, 1969",FWD,"Valencia, Real Madrid, Fiorentina",24481,Q237964
Jari Litmanen,Finland,"Feb 20, 1971",MID,"Ajax, Barcelona, Liverpool",4675,Q209650
George Weah,Liberia,"Oct 1, 1966",FWD,"Monaco, Paris Saint-Germain, AC Milan, Chelsea, Manchester City, Marseille",8542,Q173139
Abedi Pele,Ghana,"Nov 5, 1964",MID,"Marseille, Lille, Lyon, Torino",6657,Q336916
Nwankwo Kanu,Nigeria,"Aug 1, 1976",FWD,"Ajax, Inter Milan, Arsenal, West Ham United",3133,Q599675
Jay-Jay Okocha,Nigeria,"Aug 14, 1973",MID,"Eintracht Frankfurt, Fenerbahçe, Paris Saint-Germain",3708,Q605817
Roger Milla,Cameroon,"May 20, 1952",FWD,Monaco,88989,Q168540
Michael Essien,Ghana,"Dec 3, 1982",MID,"Lyon, Chelsea, Real Madrid, AC Milan",5588,Q969520
Raúl González,Spain,"Jun 27, 1977",FWD,"Real Madrid, Schalke 04",7349,Q11576
Guti,Spain,"Oct 31, 1976",MID,Real Madrid,7530,Q194461
Fernando Hierro,Spain,"Mar 23, 1968",DEF,"Real Valladolid, Real Madrid",7513,Q205499
Carles Puyol,Spain,"Apr 13, 1978",DEF,Barcelona,7594,Q17158
Luis Enrique,Spain,"May 8, 1970",MID,"Real Madrid, Barcelona",7601,Q222789
Pep Guardiola,Spain,"Jan 18, 1971",MID,"Barcelona, Roma, Al-Ahli",5950,Q164038
Deco,Portugal,"Aug 27, 1977",MID,"Corinthians, Porto, Barcelona, Chelsea, Fluminense",8564,Q659634
Rui Costa,Portugal,"Mar 29, 1972",MID,"Benfica, Fiorentina, AC Milan",3624,Q190608
Vítor Baía,Portugal,"Oct 15, 1969",GK,"Porto, Barcelona",8016,Q295887
Henrik Larsson,Sweden,"Sep 20, 1971",FWD,"Feyenoord, Celtic, Barcelona, Manchester United",3514,Q179334
Shunsuke Nakamura,Japan,"Jun 24, 1978",MID,"Celtic, Espanyol",6069,Q191138
Hidetoshi Nakata,Japan,"Jan 22, 1977",MID,"Roma, Parma, Bologna, Fiorentina",5875,Q128725
Claudio Caniggia,Argentina,"Jan 9, 1967",FWD,"River Plate, Atalanta, Roma, Benfica, Boca Juniors, Rangers",10367,Q270890
Diego Simeone,Argentina,"Apr 28, 1970",MID,"Sevilla, Atlético Madrid, Inter Milan, Lazio",5841,Q258115
Juan Sebastián Verón,Argentina,"Mar 9, 1975",MID,"Boca Juniors, Parma, Lazio, Manchester United, Chelsea, Inter Milan",3143,Q46502
Bebeto,Brazil,"Feb 16, 1964",FWD,"Flamengo, Deportivo La Coruña, Sevilla, Botafogo, Al-Ittihad",26541,Q204825
Dunga,Brazil,"Oct 31, 1963",MID,"Corinthians, Santos, Fiorentina, VfB Stuttgart",96342,Q215890
Cristiano Ronaldo,Portugal,"Feb 5, 1985",FWD,"Sporting CP, Manchester United, Real Madrid, Juventus, Al-Nassr",8198,Q11571
Zlatan Ibrahimović,Sweden,"Oct 3, 1981",FWD,"Ajax, Juventus, Inter Milan, Barcelona, AC Milan, Paris Saint-Germain, Los Angeles Galaxy, Manchester United",3455,Q46896
David Beckham,England,"May 2, 1975",MID,"Manchester United, Real Madrid, Los Angeles Galaxy, AC Milan, Paris Saint-Germain",3139,Q10520
Wayne Rooney,England,"Oct 24, 1985",FWD,"Everton, Manchester United",3332,Q266613
Frank Lampard,England,"Jun 20, 1978",MID,"West Ham United, Chelsea, Manchester City",3163,Q41533
Samuel Eto'o,Cameroon,"Mar 10, 1981",FWD,"Real Madrid, Espanyol, Barcelona, Inter Milan, Chelsea, Everton",4257,Q1255625
Kaká,Brazil,"Apr 22, 1982",MID,"AC Milan, Real Madrid",3366,Q531814
Andrea Pirlo,Italy,"May 19, 1979",MID,"Inter Milan, AC Milan, Juventus",5817,Q43926
Sergio Agüero,Argentina,"Jun 2, 1988",FWD,"Atlético Madrid, Manchester City, Barcelona",26399,Q119562
Cesc Fàbregas,Spain,"May 4, 1987",MID,"Arsenal, Barcelona, Chelsea, Monaco, Como",8806,Q17499
David Silva,Spain,"Jan 8, 1986",MID,"Valencia, Celta Vigo, Manchester City, Real Sociedad",35518,Q161069
David Villa,Spain,"Dec 3, 1981",FWD,"Real Zaragoza, Valencia, Barcelona, Atlético Madrid",7980,Q83006
Karim Benzema,France,"Dec 19, 1987",FWD,"Lyon, Real Madrid, Al-Ittihad",18922,Q1912
Luka Modrić,Croatia,"Sep 9, 1985",MID,"Dinamo Zagreb, Tottenham Hotspur, Real Madrid",27992,Q483837
Gareth Bale,Wales,"Jul 16, 1989",FWD,"Southampton, Tottenham Hotspur, Real Madrid",39381,Q184586
Robin van Persie,Netherlands,"Aug 6, 1983",FWD,"Feyenoord, Arsenal, Manchester United, Fenerbahçe",4380,Q2339
Xabi Alonso,Spain,"Nov 25, 1981",MID,"Real Sociedad, Liverpool, Real Madrid, Bayern Munich",7476,Q208104
Fernando Torres,Spain,"Mar 20, 1984",FWD,"Atlético Madrid, Liverpool, Chelsea, AC Milan",7767,Q42731
Didier Drogba,Ivory Coast,"Mar 11, 1978",FWD,"Marseille, Chelsea, Galatasaray",3924,Q48892
Ashley Cole,England,"Dec 20, 1980",DEF,"Arsenal, Crystal Palace, Chelsea, Roma, Los Angeles Galaxy",3182,Q133556
Petr Čech,Czech Republic,"May 20, 1982",GK,"Sparta Prague, Chelsea, Arsenal",5658,Q483137
John Terry,England,"Dec 7, 1980",DEF,"Chelsea, Nottingham Forest, Aston Villa",3160,Q83456
Carlos Tevez,Argentina,"Feb 5, 1984",FWD,"Boca Juniors, Corinthians, West Ham United, Manchester United, Manchester City, Juventus",4276,Q50600
Arjen Robben,Netherlands,"Jan 23, 1984",FWD,"PSV Eindhoven, Chelsea, Real Madrid, Bayern Munich",4360,Q43913
Wesley Sneijder,Netherlands,"Jun 9, 1984",MID,"Ajax, Real Madrid, Inter Milan, Galatasaray, Nice",4673,Q124086
Dani Alves,Brazil,"May 6, 1983",DEF,"Sevilla, Barcelona, Juventus, Paris Saint-Germain",15951,Q172720
Gerard Piqué,Spain,"Feb 2, 1987",DEF,"Manchester United, Real Zaragoza, Barcelona",18944,Q17507
Iker Casillas,Spain,"May 20, 1981",GK,"Real Madrid, Porto",3979,Q11584
Sergio Ramos,Spain,"Mar 30, 1986",DEF,"Sevilla, Real Madrid, Paris Saint-Germain",25557,Q483309
Marcelo,Brazil,"May 12, 1988",DEF,"Fluminense, Real Madrid, Olympiacos",44501,Q38136
Gianluigi Buffon,Italy,"Jan 28, 1978",GK,"Parma, Juventus, Paris Saint-Germain",5023,Q68060
Neymar,Brazil,"Feb 5, 1992",FWD,"Santos, Barcelona, Paris Saint-Germain, Al-Hilal",68290,Q142794
Luis Suárez,Uruguay,"Jan 24, 1987",FWD,"Ajax, Liverpool, Barcelona, Atlético Madrid, Inter Miami",44352,Q26517
Alexis Sánchez,Chile,"Dec 19, 1988",FWD,"River Plate, Udinese, Barcelona, Arsenal, Manchester United, Inter Milan, Marseille",40433,Q180553
Radamel Falcao,Colombia,"Feb 10, 1986",FWD,"River Plate, Porto, Atlético Madrid, Monaco, Manchester United, Chelsea, Galatasaray, Rayo Vallecano",39152,Q138172
Diego Costa,Spain,"Oct 7, 1988",FWD,"Atlético Madrid, Celta Vigo, Real Valladolid, Rayo Vallecano, Chelsea, Botafogo",44779,Q459707
James Rodríguez,Colombia,"Jul 12, 1991",MID,"Porto, Monaco, Real Madrid, Bayern Munich, Everton, Olympiacos, Rayo Vallecano",88103,Q368441
Paul Pogba,France,"Mar 15, 1993",MID,"Manchester United, Juventus",122153,Q129027
Bastian Schweinsteiger,Germany,"Aug 1, 1984",MID,"Bayern Munich, Manchester United",2514,Q44298
Toni Kroos,Germany,"Jan 4, 1990",MID,"Bayern Munich, Bayer Leverkusen, Real Madrid",31909,Q131234
Philipp Lahm,Germany,"Nov 11, 1983",DEF,"Bayern Munich, VfB Stuttgart",2219,Q43682
Manuel Neuer,Germany,"Mar 27, 1986",GK,"Schalke 04, Bayern Munich",17259,Q107365
Robert Lewandowski,Poland,"Aug 21, 1988",FWD,"Borussia Dortmund, Bayern Munich, Barcelona",38253,Q151269
Eden Hazard,Belgium,"Jan 7, 1991",FWD,"Lille, Chelsea, Real Madrid",50202,Q214204
Kevin De Bruyne,Belgium,"Jun 28, 1991",MID,"Chelsea, VfL Wolfsburg, Manchester City",88755,Q357984
Romelu Lukaku,Belgium,"May 13, 1993",FWD,"Anderlecht, Chelsea, Everton, Manchester United, Inter Milan, Roma, Napoli",96341,Q313316
Álvaro Morata,Spain,"Oct 23, 1992",FWD,"Real Madrid, Juventus, Chelsea, Atlético Madrid, AC Milan",128223,Q48770
Raheem Sterling,England,"Dec 8, 1994",FWD,"Liverpool, Manchester City, Chelsea, Arsenal",134425,Q312157
Mohamed Salah,Egypt,"Jun 15, 1992",FWD,"Basel, Chelsea, Fiorentina, Roma, Liverpool",148455,Q1354960
Xavi,Spain,"Jan 25, 1980",MID,Barcelona,7607,Q17500
Franz Beckenbauer,Germany,"Sep 11, 1945",DEF,"Bayern Munich, Hamburger SV",72347,Q4457
Gerd Müller,Germany,"Nov 3, 1945",FWD,Bayern Munich,35604,Q43744
Eusebio,Portugal,"Jan 25, 1942",FWD,Benfica,89230,Q162043
Ferenc Puskás,Hungary,"Apr 1, 1927",FWD,Real Madrid,103092,Q482931
Alfredo Di Stéfano,Argentina / Spain,"Jul 4, 1926",FWD,"River Plate, Real Madrid, Espanyol",135778,Q164546
Garrincha,Brazil,"Oct 28, 1933",FWD,"Botafogo, Corinthians, Flamengo",151263,Q180642
Bobby Charlton,England,"Oct 11, 1937",MID,Manchester United,174874,Q171583
George Best,Northern Ireland,"May 22, 1946",FWD,"Manchester United, Fulham",174986,Q164521
Lev Yashin,Russia,"Oct 22, 1929",GK,,174987,Q167828
Zico,Brazil,"Mar 3, 1953",MID,"Flamengo, Udinese",117619,Q47526
Sócrates,Brazil,"Feb 19, 1954",MID,"Corinthians, Fiorentina, Flamengo, Santos",117633,Q102331
Falcão,Brazil,"Oct 16, 1953",MID,Roma,117621,Q312454
Dino Zoff,Italy,"Feb 28, 1942",GK,"Udinese, Napoli, Juventus",89229,Q180661
Giacinto Facchetti,Italy,"Jul 18, 1942",DEF,Inter Milan,145193,Q219390
Gianni Rivera,Italy,"Aug 18, 1943",MID,AC Milan,145347,Q230046
Gigi Riva,Italy,"Nov 7, 1944",FWD,,145348,Q276026
Bobby Moore,England,"Apr 12, 1941",DEF,"West Ham United, Fulham",196086,Q191492
Gordon Banks,England,"Dec 30, 1937",GK,"Leicester City, Stoke City",200627,Q213879
Kevin Keegan,England,"Feb 14, 1951",FWD,"Liverpool, Hamburger SV, Southampton, Newcastle United",85458,Q152832
Kenny Dalglish,Scotland,"Mar 4, 1951",FWD,"Celtic, Liverpool",135269,Q187198
Graeme Souness,Scotland,"May 6, 1953",MID,"Tottenham Hotspur, Rangers",116155,Q310352
Ian Rush,Wales,"Oct 20, 1961",FWD,"Liverpool, Juventus, Leeds United, Newcastle United",145743,Q219354
John Barnes,England,"Nov 7, 1963",MID,"Liverpool, Newcastle United",87436,Q10536
Gary Lineker,England,"Nov 30, 1960",FWD,"Leicester City, Everton, Barcelona, Tottenham Hotspur",22256,Q47778
Bryan Robson,England,"Jan 11, 1957",MID,Manchester United,101382,Q296583
Glenn Hoddle,England,"Oct 27, 1957",MID,"Tottenham Hotspur, Monaco, Chelsea",117193,Q296666
Paul Gascoigne,England,"May 27, 1967",MID,"Newcastle United, Tottenham Hotspur, Lazio, Rangers, Everton, Burnley",3830,Q13002
Chris Waddle,England,"Dec 14, 1960",MID,"Newcastle United, Tottenham Hotspur, Marseille, Burnley",101385,Q352878
Sepp Maier,Germany,"Feb 28, 1944",GK,Bayern Munich,89550,Q44194
Paul Breitner,Germany,"Sep 5, 1951",MID,"Bayern Munich, Real Madrid",13766,Q44458
Uli Hoeness,Germany,"Jan 5, 1952",MID,Bayern Munich,72351,Q44340
Karl-Heinz Förster,Germany,"Jul 25, 1958",DEF,"VfB Stuttgart, Marseille",200375,Q62091
Hans-Peter Briegel,Germany,"Oct 11, 1955",DEF,,71378,Q437341
Klaus Allofs,Germany,"Dec 5, 1956",FWD,"FC Köln, Marseille",13761,Q166336
Raymond Kopa,France,"Oct 13, 1931",MID,Real Madrid,170730,Q123118
Just Fontaine,France,"Aug 18, 1933",FWD,Nice,151245,Q192749
Jean-Pierre Papin,France,"Nov 5, 1963",FWD,"Club Brugge, Marseille, AC Milan, Bayern Munich",17168,Q13494
Alain Giresse,France,"Aug 2, 1952",MID,Marseille,117493,Q312170
Jean Tigana,France,"Jun 23, 1955",MID,"Lyon, Marseille",117501,Q295559
Luis Aragonés,Spain,"Jul 28, 1938",MID,"Real Madrid, Atlético Madrid",135744,Q576614
Telmo Zarra,Spain,"Jan 20, 1921",FWD,Athletic Bilbao,135777,Q312408
Emilio Butragueño,Spain,"Jul 22, 1963",FWD,Real Madrid,117598,Q41235
Míchel,Spain,"Mar 23, 1963",MID,Real Madrid,117613,Q558689
José Antonio Camacho,Spain,"Jun 8, 1955",DEF,Real Madrid,88978,Q311227
Andoni Zubizarreta,Spain,"Oct 23, 1961",GK,"Athletic Bilbao, Barcelona, Valencia",8117,Q215963
Gaetano Scirea,Italy,"May 25, 1953",DEF,"Atalanta, Juventus",116740,Q299608
Marco Tardelli,Italy,"Sep 24, 1954",MID,"Como, Juventus, Inter Milan",116744,Q312626
Claudio Gentile,Italy,"Sep 27, 1953",DEF,"Juventus, Fiorentina",128893,Q315839
Antonio Cabrini,Italy,"Oct 8, 1957",DEF,"Atalanta, Juventus, Bologna",116689,Q68064
Bruno Conti,Italy,"Mar 13, 1955",MID,"Roma, Genoa",116698,Q355923
Gianluca Vialli,Italy,"Jul 9, 1964",FWD,"Juventus, Chelsea",16036,Q239688
Roberto Mancini,Italy,"Nov 27, 1964",FWD,"Bologna, Lazio, Leicester City",68204,Q48330
Giuseppe Bergomi,Italy,"Dec 22, 1963",DEF,Inter Milan,107860,Q235159
Gianfranco Zola,Italy,"Jul 5, 1966",FWD,"Napoli, Parma, Chelsea",3177,Q9354
Ruud Krol,Netherlands,"Dec 20, 1949",DEF,"Ajax, Napoli",135621,Q313180
Johan Neeskens,Netherlands,"Sep 15, 1951",MID,"Ajax, Barcelona",135643,Q233819
Johnny Rep,Netherlands,"Nov 25, 1951",FWD,"Ajax, Valencia, Feyenoord",135645,Q313382
Ronald Koeman,Netherlands,"Mar 21, 1963",DEF,"Ajax, PSV Eindhoven, Barcelona, Feyenoord",7940,Q192635
Frank de Boer,Netherlands,"May 15, 1970",DEF,"Ajax, Barcelona, Galatasaray, Rangers",3518,Q219657
Ronald de Boer,Netherlands,"May 15, 1970",MID,"Ajax, Barcelona, Rangers",3519,Q270075
Sándor Kocsis,Hungary,"Sep 21, 1929",FWD,Barcelona,136482,Q295265
Nándor Hidegkuti,Hungary,"Mar 3, 1922",FWD,,105334,Q166035
József Bozsik,Hungary,"Nov 28, 1925",MID,,136476,Q318752
Rinat Dasayev,Russia,"Jun 13, 1957",GK,Sevilla,117377,Q294444
Valentin Ivanov,Russia,"Nov 19, 1934",FWD,,151247,Q313309
Dragan Džajić,Serbia,"May 30, 1946",FWD,Red Star Belgrade,145124,Q297357
Siniša Mihajlović,Serbia,"Feb 20, 1969",DEF,"Red Star Belgrade, Roma, Lazio, Inter Milan",5834,Q294351
Dejan Savićević,Montenegro,"Sep 15, 1966",MID,"Red Star Belgrade, AC Milan",35894,Q135625
Robert Prosinečki,Croatia,"Jan 12, 1969",MID,"Dinamo Zagreb, Red Star Belgrade, Real Madrid, Barcelona, Sevilla",8013,Q298190
Darko Pančev,,"Sep 7, 1965",FWD,"Red Star Belgrade, Inter Milan",100098,Q311362
Daniel Passarella,Argentina,"May 25, 1953",DEF,"River Plate, Fiorentina, Inter Milan",116735,Q15802
Mario Kempes,Argentina,"Jul 15, 1954",FWD,"Valencia, River Plate",37264,Q180649
Ubaldo Fillol,Argentina,"Jul 21, 1950",GK,"River Plate, Flamengo, Atlético Madrid",135806,Q140319
Jorge Valdano,Argentina,"Oct 4, 1955",FWD,"Real Zaragoza, Real Madrid",116747,Q298305
Oscar Ruggeri,Argentina,"Jan 26, 1962",DEF,"Boca Juniors, River Plate, Real Madrid",102214,Q346942
Carlos Valderrama,Colombia,"Sep 2, 1961",MID,Real Valladolid,88998,Q204089
Faustino Asprilla,Colombia,"Nov 10, 1969",FWD,"Parma, Newcastle United, Palmeiras, Fluminense",102150,Q361409
Freddy Rincón,Colombia,"Aug 14, 1966",MID,"Palmeiras, Napoli, Real Madrid, Corinthians, Santos",102163,Q225837
René Higuita,Colombia,"Aug 27, 1966",GK,Real Valladolid,55838,Q237494
Iván Zamorano,Chile,"Jan 18, 1967",FWD,"Sevilla, Real Madrid, Inter Milan",129083,Q192035
Marcelo Salas,Chile,"Dec 24, 1974",FWD,"River Plate, Lazio, Juventus",3415,Q295438
Teófilo Cubillas,Peru,"Mar 8, 1949",MID,"Basel, Porto",133753,Q311403
Hugo Sánchez,Mexico,"Jul 11, 1958",FWD,"Atlético Madrid, Real Madrid, Rayo Vallecano",84528,Q487155
Jorge Campos,Mexico,"Oct 15, 1966",GK,Los Angeles Galaxy,102513,Q313761
Rabah Madjer,Algeria,"Feb 15, 1958",FWD,"Porto, Valencia",117747,Q431343
Lakhdar Belloumi,Algeria,"Dec 29, 1958",MID,,117732,Q176426
Thomas N'Kono,Cameroon,"Jul 20, 1956",GK,Espanyol,102612,Q166844
Rigobert Song,Cameroon,"Jul 1, 1976",DEF,"Liverpool, West Ham United, FC Köln, Galatasaray",1419,Q215533
Cha Bum-kun,South Korea,"May 22, 1953",FWD,"Eintracht Frankfurt, Bayer Leverkusen",96628,Q346751
Kazuyoshi Miura,Japan,"Feb 26, 1967",FWD,"Santos, Genoa",112589,Q331953
Ali Daei,,"Mar 21, 1969",FWD,"Bayern Munich, Al-Shabab",335,Q159622
Majed Abdullah,Saudi Arabia,"Nov 1, 1959",FWD,Al-Nassr,101764,Q446181
Saeed Al-Owairan,Saudi Arabia,"Aug 19, 1967",MID,Al-Shabab,101776,Q381686
Alessandro Nesta,Italy,"Mar 19, 1976",DEF,"Lazio, AC Milan",4171,Q227892
Fabio Cannavaro,Italy,"Sep 13, 1973",DEF,"Napoli, Parma, Inter Milan, Juventus, Real Madrid, Al-Ahli",5775,Q102027
Giorgio Chiellini,Italy,"Aug 14, 1984",DEF,"Fiorentina, Juventus",29260,Q80306
Andrés Iniesta,Spain,"May 11, 1984",MID,Barcelona,7600,Q43729
Carlos Alberto,Brazil,"Jul 17, 1944",DEF,"Fluminense, Santos, Flamengo",229662,Q295262
Nemanja Vidić,Serbia,"Oct 21, 1981",DEF,"Red Star Belgrade, Manchester United, Inter Milan",19726,Q163564
Claude Makélélé,France,"Feb 18, 1973",MID,"Nantes, Marseille, Celta Vigo, Real Madrid, Chelsea, Paris Saint-Germain",4182,Q184362
Breno (Bledorn Verri),Brazil,"Oct 13, 1989",DEF,Bayern Munich,52947,Q44742
Gennaro Gattuso,Italy,"Jan 9, 1978",MID,"Rangers, AC Milan",5813,Q116980
Sol Campbell,England,"Sep 18, 1974",DEF,"Tottenham Hotspur, Arsenal, Newcastle United",3198,Q214734
Gianluca Zambrotta,Italy,"Feb 19, 1977",DEF,"Como, Juventus, Barcelona, AC Milan",5757,Q182907
Javier Mascherano,Argentina,"Jun 8, 1984",DEF,"River Plate, Corinthians, West Ham United, Liverpool, Barcelona",19981,Q161571
Rafael Márquez,Mexico,"Feb 13, 1979",DEF,"Monaco, Barcelona",2904,Q186330
Paulo Futre,Portugal,"Feb 28, 1966",FWD,"Sporting CP, Porto, Atlético Madrid, Benfica, Marseille, AC Milan, West Ham United",27705,Q363829
Bixente Lizarazu,France,"Dec 9, 1969",DEF,"Athletic Bilbao, Bayern Munich, Marseille",210,Q44073
Diego Forlán,Uruguay,"May 19, 1979",FWD,"Manchester United, Villarreal, Atlético Madrid, Inter Milan",3408,Q261534
Ricardo Carvalho,Portugal,"May 18, 1978",DEF,"Porto, Chelsea, Real Madrid, Monaco",9828,Q570811
Diego Milito,Argentina,"Jun 12, 1979",FWD,"Genoa, Real Zaragoza, Inter Milan",22202,Q76089
Mario Gómez,Germany,"Jul 10, 1985",FWD,"VfB Stuttgart, Bayern Munich, Fiorentina",6288,Q45766
Vincent Kompany,Belgium,"Apr 10, 1986",DEF,"Anderlecht, Hamburger SV, Manchester City",9594,Q201381
Douglas Maicon,Brazil,"Jul 26, 1981",DEF,"Monaco, Inter Milan, Manchester City, Roma",18301,Q177686
David Ginola,France,"Jan 25, 1967",MID,"Paris Saint-Germain, Newcastle United, Tottenham Hotspur, Aston Villa, Everton",104897,Q42601
Jürgen Kohler,Germany,"Oct 6, 1965",DEF,"FC Köln, Bayern Munich, Juventus, Borussia Dortmund",119,Q308925
Fernando Morientes,Spain,"Apr 5, 1976",FWD,"Real Zaragoza, Real Madrid, Monaco, Liverpool, Valencia, Marseille",7531,Q45567
Solskjær,Norway,"Feb 26, 1973",FWD,Manchester United,3394,Q18976
Freddie Ljungberg,Sweden,"Apr 16, 1977",MID,"Arsenal, West Ham United, Celtic",3134,Q10560
Tomáš Rosický,Czech Republic,"Oct 4, 1980",MID,"Sparta Prague, Borussia Dortmund, Arsenal",132,Q29162
John Arne Riise,Norway,"Sep 24, 1980",DEF,"Monaco, Liverpool, Roma, Fulham",3220,Q189827
Ludovic Giuly,France,"Jul 10, 1976",MID,"Lyon, Monaco, Barcelona, Roma, Paris Saint-Germain",5299,Q219771
Sami Al-Jaber,Saudi Arabia,"Dec 11, 1972",FWD,Al-Hilal,31384,Q299555
Park Ji-sung,South Korea,"Feb 25, 1981",MID,"PSV Eindhoven, Manchester United",4592,Q50603
Blaise Matuidi,France,"Apr 9, 1987",MID,"Paris Saint-Germain, Juventus, Inter Miami",33923,Q1921
Joan Capdevila,Spain,"Feb 3, 1978",DEF,"Espanyol, Atlético Madrid, Deportivo La Coruña, Villarreal, Benfica",7486,Q188793
Dirk Kuyt,Netherlands,"Jul 22, 1980",MID,"Feyenoord, Liverpool, Fenerbahçe",4010,Q294214
Sidney Govou,France,"Jul 27, 1979",FWD,Lyon,5357,Q1934
Ledley King,England,"Oct 12, 1980",DEF,Tottenham Hotspur,3360,Q207401
Claudio Pizarro,Peru,"Oct 3, 1978",FWD,"Bayern Munich, Chelsea, FC Köln",532,Q109397
Mario Mandžukić,Croatia,"May 21, 1986",FWD,"Dinamo Zagreb, VfL Wolfsburg, Bayern Munich, Atlético Madrid, Juventus, AC Milan",34572,Q187171
Walter Zenga,Italy,"Apr 28, 1960",GK,Inter Milan,116754,Q294302
Gianluca Pagliuca,Italy,"Dec 18, 1966",GK,"Inter Milan, Bologna",5985,Q313480
Angelo Peruzzi,Italy,"Feb 16, 1970",GK,"Roma, Juventus, Inter Milan, Lazio",5826,Q294565
Walter Vierchowod,Italy,"Apr 6, 1959",DEF,"Como, Fiorentina, Roma, Juventus, AC Milan",116750,Q351990
Sandro Mazzola,Italy,"Nov 8, 1942",MID,Inter Milan,145344,Q314856
Giuseppe Meazza,Italy,"Aug 23, 1910",FWD,"Inter Milan, AC Milan, Juventus, Atalanta",183779,Q192131
Silvio Piola,Italy,"Sep 29, 1913",FWD,"Lazio, Torino, Juventus",177829,Q296276
Gunnar Nordahl,Sweden,"Oct 19, 1921",FWD,"AC Milan, Roma",140644,Q110111
Ciro Ferrara,Italy,"Feb 11, 1967",DEF,"Napoli, Juventus",5749,Q314078
Steve McManaman,England,"Feb 11, 1972",MID,"Liverpool, Real Madrid, Manchester City",3980,Q294501
Marek Hamšík,Slovakia,"Jul 27, 1987",MID,Napoli,38593,Q201825
Claudio Marchisio,Italy,"Jan 19, 1986",MID,Juventus,44716,Q179995
Harry Kewell,Australia,"Sep 22, 1978",MID,"Leeds United, Liverpool, Galatasaray",3241,Q204429
Dimitar Berbatov,Bulgaria,"Jan 30, 1981",FWD,"Bayer Leverkusen, Tottenham Hotspur, Manchester United, Fulham, Monaco",65,Q170235
Joe Cole,England,"Nov 8, 1981",MID,"West Ham United, Chelsea, Liverpool, Lille, Aston Villa",3876,Q184946
Daniele De Rossi,Italy,"Jul 24, 1983",MID,"Roma, Boca Juniors",5947,Q168497
Pablo Aimar,Argentina,"Nov 3, 1979",MID,"River Plate, Valencia, Real Zaragoza, Benfica",3411,Q130215
Gilberto Silva,Brazil,"Oct 7, 1976",MID,Arsenal,3194,Q190142
Roy Makaay,Netherlands,"Mar 9, 1975",FWD,"Deportivo La Coruña, Bayern Munich, Feyenoord",3994,Q152725
Andrea Barzagli,Italy,"May 8, 1981",DEF,"VfL Wolfsburg, Juventus",7109,Q107051
Landon Donovan,United States,"Mar 4, 1982",MID,"Bayer Leverkusen, Los Angeles Galaxy, Bayern Munich, Everton",68,Q202237
Euzebiusz Smolarek,Poland,"Jan 9, 1981",FWD,"Feyenoord, Borussia Dortmund",4388,Q245295
Al-Noor,Saudi Arabia,"Feb 26, 1978",MID,Al-Nassr,25688,Q381962
Víctor Ibarbo,Colombia,"May 19, 1990",MID,Roma,92141,Q2117509
Tim Cahill,Australia,"Dec 6, 1979",FWD,Everton,13556,Q187238
DaMarcus Beasley,United States,"May 24, 1982",MID,"PSV Eindhoven, Manchester City, Rangers",20584,Q313035
Gervinho (Yao Kouassi),Ivory Coast,"May 27, 1987",MID,"Lille, Arsenal, Roma, Parma",33481,Q208025
Tim Howard,United States,"Mar 6, 1979",GK,"Manchester United, Everton",4267,Q200785
Peter Crouch,England,"Jan 30, 1981",FWD,"Tottenham Hotspur, Aston Villa, Southampton, Liverpool, Stoke City, Burnley",4072,Q180939
Seydou Doumbia,Ivory Coast,"Dec 31, 1987",FWD,"Roma, Newcastle United, Basel, Sporting CP",75287,Q299244
Clint Dempsey,United States,"Mar 9, 1983",MID,"Fulham, Tottenham Hotspur",27577,Q201860
Ricardo Quaresma,Portugal,"Sep 26, 1983",MID,"Sporting CP, Barcelona, Porto, Inter Milan, Chelsea, Al-Ahli",4188,Q188241
Micah Richards,England,"Jun 24, 1988",DEF,"Manchester City, Fiorentina, Aston Villa",32617,Q209944
Leonardo Bonucci,Italy,"May 1, 1987",DEF,"Inter Milan, Juventus, AC Milan, Union Berlin",39983,Q208050
Walter Samuel,Argentina,"Mar 23, 1978",DEF,"Boca Juniors, Roma, Real Madrid, Inter Milan, Basel",5938,Q193702
Marco Materazzi,Italy,"Aug 19, 1973",DEF,"Everton, Inter Milan",5778,Q185081
Christian Panucci,Italy,"Apr 12, 1973",DEF,"Genoa, AC Milan, Real Madrid, Inter Milan, Chelsea, Monaco, Roma, Parma",5940,Q168287
Aldair,Brazil,"Nov 30, 1965",DEF,"Flamengo, Benfica, Roma, Genoa",4151,Q297721
Iván Córdoba,Colombia,"Aug 11, 1976",DEF,Inter Milan,5772,Q231348
Thiago Silva,Brazil,"Sep 22, 1984",DEF,"Porto, Fluminense, AC Milan, Paris Saint-Germain, Chelsea",29241,Q210453
Kalidou Koulibaly,Senegal,"Jun 20, 1991",DEF,"Napoli, Chelsea, Al-Hilal",93128,Q3192187
Tarcisio Burgnich,Italy,"Apr 25, 1939",DEF,"Udinese, Juventus, Inter Milan, Napoli",145342,Q503297
Roberto Rosato,Italy,"Apr 3, 1943",DEF,"Torino, AC Milan, Genoa",216034,Q451321
Aristide Guarneri,Italy,"Mar 7, 1938",DEF,"Como, Inter Milan, Bologna, Napoli",216031,Q665397
Fulvio Collovati,Italy,"May 9, 1957",DEF,"AC Milan, Inter Milan, Udinese, Roma, Genoa",116697,Q366073
Sandro Salvadore,Italy,"Nov 29, 1939",DEF,"AC Milan, Juventus",216035,Q163134
Cesare Maldini,Italy,"Feb 5, 1932",DEF,"AC Milan, Torino",174159,Q296350
Maicon,Brazil,"Jul 26, 1981",DEF,"Monaco, Inter Milan, Manchester City, Roma",18301,Q177686
Serginho,Brazil,"Jun 27, 1971",DEF,"Flamengo, AC Milan",5819,Q312140
Kakha Kaladze,,"Feb 27, 1978",DEF,"AC Milan, Genoa",3430,Q192031
Stephan Lichtsteiner,Switzerland,"Jan 16, 1984",DEF,"Lille, Lazio, Juventus, Arsenal",2865,Q208586
Moreno Torricelli,Italy,"Jan 23, 1970",DEF,"Juventus, Fiorentina, Espanyol",15769,Q371904
Thomas Helveg,Denmark,"Jun 24, 1971",DEF,"Udinese, AC Milan, Inter Milan",5802,Q910192
Amedeo Carboni,Italy,"Apr 6, 1965",DEF,"Parma, Roma, Valencia",7566,Q460603
Gianluca Pessotto,Italy,"Aug 11, 1970",DEF,"Bologna, Torino, Juventus",5751,Q319543
